31.04,-68.265
31.048,-68.267
31.054,-68.269
31.059,-68.27
31.065,-68.271
31.07,-68.273
31.076,-68.274
31.081,-68.275
31.087,-68.277
31.092,-68.278
31.097,-68.279
31.103,-68.281
31.108,-68.282
31.114,-68.283
31.119,-68.285
31.125,-68.286
31.13,-68.287
31.136,-68.289
31.141,-68.29
31.147,-68.291
31.152,-68.293
31.158,-68.294
31.163,-68.295
31.168,-68.296
31.173,-68.298
31.178,-68.299
31.183,-68.3
31.188,-68.302
31.193,-68.303
31.198,-68.304
31.203,-68.305
31.208,-68.307
31.213,-68.308
31.218,-68.309
31.223,-68.311
31.228,-68.312
31.233,-68.313
31.238,-68.314
31.243,-68.316
31.248,-68.317
31.253,-68.318
31.258,-68.32
31.261,-68.321
31.264,-68.321
31.268,-68.322
31.271,-68.323
31.274,-68.324
31.278,-68.325
31.281,-68.326
31.285,-68.327
31.288,-68.328
31.291,-68.329
31.295,-68.33
31.298,-68.331
31.302,-68.332
31.305,-68.333
31.308,-68.334
31.312,-68.335
31.315,-68.336
31.318,-68.337
31.322,-68.338
31.325,-68.339
31.327,-68.339
31.33,-68.34
31.332,-68.34
31.334,-68.341
31.336,-68.341
31.339,-68.342
31.341,-68.343
31.343,-68.343
31.345,-68.344
31.348,-68.344
31.35,-68.345
31.352,-68.346
31.355,-68.346
31.357,-68.347
31.359,-68.347
31.361,-68.348
31.364,-68.348
31.366,-68.349
31.368,-68.35
31.37,-68.35
31.374,-68.351
31.377,-68.352
31.38,-68.352
31.384,-68.353
31.387,-68.354
31.39,-68.354
31.394,-68.355
31.397,-68.356
31.4,-68.357
31.404,-68.357
31.407,-68.358
31.41,-68.359
31.414,-68.359
31.417,-68.36
31.42,-68.361
31.424,-68.361
31.427,-68.362
31.43,-68.363
31.434,-68.364
31.437,-68.364
31.447,-68.377
31.457,-68.389
31.467,-68.402
31.477,-68.415
31.487,-68.427
31.497,-68.44
31.507,-68.452
31.517,-68.465
31.527,-68.478
31.537,-68.49
31.547,-68.503
31.557,-68.515
31.567,-68.528
31.577,-68.54
31.587,-68.553
31.597,-68.565
31.607,-68.578
31.617,-68.59
31.627,-68.603
31.637,-68.615
31.631,-68.605
31.626,-68.594
31.621,-68.583
31.615,-68.572
31.61,-68.562
31.605,-68.551
31.6,-68.54
31.594,-68.529
31.589,-68.519
31.584,-68.508
31.578,-68.497
31.573,-68.486
31.568,-68.475
31.563,-68.465
31.557,-68.454
31.552,-68.443
31.547,-68.432
31.542,-68.421
31.536,-68.41
31.531,-68.4
31.541,-68.407
31.551,-68.414
31.561,-68.421
31.571,-68.428
31.581,-68.435
31.591,-68.442
31.601,-68.449
31.611,-68.456
31.621,-68.463
31.631,-68.471
31.641,-68.478
31.651,-68.485
31.661,-68.492
31.671,-68.499
31.681,-68.506
31.691,-68.513
31.701,-68.52
31.711,-68.527
31.721,-68.534
31.731,-68.541
31.765,-68.529
31.798,-68.517
31.832,-68.505
31.866,-68.493
31.899,-68.481
31.933,-68.469
31.967,-68.457
32,-68.445
32.034,-68.433
32.067,-68.421
32.101,-68.409
32.135,-68.397
32.168,-68.384
32.202,-68.372
32.236,-68.36
32.269,-68.348
32.303,-68.336
32.336,-68.324
32.37,-68.312
32.404,-68.3
32.409,-68.29
32.414,-68.281
32.42,-68.271
32.425,-68.261
32.431,-68.252
32.436,-68.242
32.441,-68.233
32.447,-68.223
32.452,-68.214
32.458,-68.204
32.463,-68.194
32.468,-68.185
32.474,-68.175
32.479,-68.166
32.485,-68.156
32.49,-68.147
32.495,-68.137
32.501,-68.127
32.506,-68.118
32.512,-68.108
29.527,-69.449
29.445,-69.49
29.355,-69.587
29.337,-69.63
29.388,-69.683
29.342,-69.709
29.174,-69.71
29.144,-69.725
29.177,-69.754
29.069,-69.718
28.791,-69.748
28.673,-69.712
28.574,-69.715
28.486,-69.753
28.421,-69.819
28.043,-69.839
28,-69.852
27.984,-69.878
28.094,-69.91
28.093,-69.931
27.712,-69.977
27.536,-69.967
27.339,-69.898
27,-69.919
26.959,-69.976
26.747,-69.902
26.443,-69.912
26.37,-69.927
26.359,-69.953
26.533,-69.953
26.522,-69.982
26.625,-70.072
26.42,-70.041
26.228,-70.061
25.867,-70.25
25.724,-70.264
25.832,-70.219
25.864,-70.17
25.852,-70.133
25.781,-70.108
25.609,-70.103
25.523,-70.155
25.517,-70.127
25.469,-70.113
24.935,-70.139
24.888,-70.153
24.946,-70.18
24.889,-70.203
24.875,-70.255
24.637,-70.273
24.607,-70.346
24.454,-70.327
24.227,-70.341
24.188,-70.3
24.121,-70.294
24.029,-70.371
24.122,-70.413
24.088,-70.428
23.881,-70.372
23.83,-70.32
23.737,-70.316
23.682,-70.218
23.631,-70.192
23.223,-70.153
23,-70.095
22.916,-70.094
22.713,-70.127
22.176,-70.148
21.799,-70.197
21.692,-70.198
21.266,-70.146
21.313,-70.131
21.597,-70.126
21.813,-70.105
21.863,-70.083
21.815,-70.07
21.198,-70.025
21,-69.986
20.667,-69.966
20.294,-69.912
20.081,-69.899
19.421,-69.896
19.285,-69.96
19.195,-69.968
18.925,-69.928
18.627,-69.907
18.225,-69.838
18.053,-69.785
17.855,-69.68
17.634,-69.718
17.396,-69.731
17.122,-69.697
16.722,-69.724
16.216,-69.696
15.975,-69.726
15.626,-69.816
15.61,-69.726
15.492,-69.656
15.564,-69.627
15.544,-69.584
15.582,-69.562
15.465,-69.527
15.547,-69.483
15.569,-69.441
15.428,-69.437
15.456,-69.389
15.426,-69.371
15.307,-69.326
15.162,-69.299
14.819,-69.31
14.552,-69.366
14.225,-69.355
13.906,-69.424
13.783,-69.484
13.773,-69.524
13.828,-69.569
13.725,-69.62
13.812,-69.685
13.641,-69.685
13.583,-69.729
13.513,-69.739
13.221,-69.701
13.166,-69.783
12.89,-69.843
12.843,-69.867
12.817,-69.904
12.871,-69.962
12.864,-70.036
12.832,-70.058
12.728,-70.067
12.309,-70.064
12.094,-69.983
11.884,-69.938
11.779,-69.938
11.492,-70
11.364,-70.004
10.865,-69.893
10.749,-69.884
10.599,-69.908
10.499,-69.951
10.424,-70.02
10.273,-70.068
10.247,-69.996
10.027,-69.989
10.115,-69.963
10.109,-69.947
9.969,-69.941
9.751,-69.968
9.639,-69.945
9.569,-69.948
9.548,-69.969
9.632,-70.007
9.565,-70.049
9.594,-70.107
9.526,-70.127
9.201,-70.159
9.162,-70.152
9.138,-70.044
9.046,-69.992
8.721,-70.021
8.412,-70.009
8.255,-70.024
8.174,-70.017
8.065,-69.974
8,-69.987
7.916,-70.044
7.79,-70.054
7.458,-70
7.332,-69.995
7.133,-70.02
6.671,-70.121
6.639,-70.164
6.739,-70.212
6.539,-70.254
6.552,-70.271
6.681,-70.299
6.453,-70.329
6.369,-70.298
6.274,-70.114
6.212,-70.093
6.132,-70.114
6.032,-70.219
6.065,-70.287
5.934,-70.277
5.792,-70.304
5.766,-70.292
5.8,-70.266
5.939,-70.228
6.004,-70.185
6,-70.137
5.935,-70.102
5.789,-70.114
5.708,-70.157
5.521,-70.187
5.538,-70.125
5.449,-70.13
5.347,-70.158
5.318,-70.137
5.36,-70.1
5.325,-70.072
5.163,-70.079
5.084,-70.062
4.834,-70.149
4.715,-70.16
4.267,-70.175
4.263,-70.162
4.399,-70.12
4.298,-70.096
4,-70.135
3.498,-70.155
2.864,-70.113
2.732,-70.062
2.583,-70.07
2.436,-70.098
2.522,-70.052
2.491,-70.029
1.95,-69.934
1.673,-69.913
1.556,-69.951
1.537,-69.914
1.458,-69.913
0.885,-70
0.746,-69.989
0.637,-70.01
0.654,-69.966
0.534,-69.924
0.447,-69.803
0.262,-69.715
0.25,-69.674
0.326,-69.549
0.142,-69.376
-0.72,-69.277
-0.807,-69.379
-0.785,-69.428
-0.927,-69.538
-0.832,-69.569
-0.661,-69.567
-0.652,-69.589
-0.981,-69.662
-1.38,-69.807
-1.369,-69.835
-1.099,-69.847
-1.087,-69.87
-1.393,-69.888
-1.761,-69.941
-1.941,-69.922
-2.028,-69.934
-2.23,-70.045
-2.373,-70.201
-2.661,-70.21
-2.834,-70.266
-3.126,-70.28
-3.183,-70.294
-3.631,-70.275
-3.9,-70.329
-4.533,-70.372
-4.686,-70.374
-5.042,-70.336
-5.557,-70.354
-5.704,-70.396
-5.959,-70.397
-6.186,-70.469
-6.268,-70.472
-6.411,-70.444
-6.528,-70.438
-6.747,-70.502
-7.065,-70.52
-7.254,-70.557
-7.416,-70.546
-7.599,-70.625
-7.691,-70.645
-7.869,-70.653
-8.069,-70.64
-8.146,-70.539
-8.266,-70.481
-8.372,-70.475
-8.532,-70.51
-8.686,-70.508
-8.898,-70.428
-9.017,-70.427
-9.116,-70.474
-9.422,-70.51
-9.656,-70.566
-9.775,-70.641
-9.787,-70.718
-10.005,-70.816
-10.02,-70.858
-9.975,-70.908
-10.396,-70.966
-10.616,-70.939
-10.872,-70.956
-10.93,-70.988
-10.832,-71.044
-11.167,-71.041
-11.27,-71.053
-11.606,-71.28
-11.849,-71.291
-12.212,-71.359
-12.342,-71.437
-12.35,-71.469
-12.299,-71.562
-12.095,-71.721
-12.477,-71.753
-12.684,-71.831
-13,-71.88
-12.968,-71.952
-12.842,-72
-12.887,-72.032
-13.045,-72.034
-13.144,-72.018
-13.185,-71.938
-13.26,-71.916
-13.468,-71.908
-14.309,-71.97
-14.873,-72.064
-15.104,-72.08
-15.375,-72.123
-15.406,-72.178
-15.601,-72.206
-16.132,-72.37
-16.173,-72.478
-17.165,-72.589
-17.322,-72.618
-17.383,-72.674
-17.439,-72.67
-17.46,-72.613
-17.512,-72.594
-17.816,-72.557
-18.571,-72.523
-18.817,-72.56
-18.909,-72.597
-18.93,-72.739
-18.785,-72.826
-18.932,-72.838
-19.172,-72.955
-19.534,-73.064
-19.706,-73.139
-19.966,-73.395
-19.98,-73.429
-19.933,-73.451
-20.017,-73.48
-19.977,-73.504
-20.19,-73.585
-20.403,-73.827
-20.825,-73.919
-20.967,-74
-21.275,-74.117
-21.425,-74.084
-21.553,-74.117
-21.637,-74.077
-21.75,-74.089
-21.859,-74.08
-21.965,-74.1
-22.11,-74.091
-22.286,-74.135
-22.229,-74.179
-22.377,-74.194
-22.476,-74.246
-22.814,-74.29
-23.094,-74.35
-23.407,-74.386
-23.483,-74.411
-23.554,-74.498
-23.904,-74.542
-24.054,-74.615
-24.05,-74.655
-23.847,-74.813
-23.839,-74.865
-23.921,-74.928
-24.154,-75.01
-24.051,-75.04
-24.677,-75.169
-24.774,-75.231
-25.07,-75.326
-25.399,-75.338
-25.551,-75.326
-25.735,-75.343
-25.85,-75.38
-26.129,-75.401
-26.348,-75.462
-26.685,-75.493
-26.727,-75.518
-26.643,-75.587
-26.346,-75.659
-26.363,-75.737
-26.665,-75.802
-26.726,-75.873
-26.629,-75.908
-26.764,-75.919
-26.744,-75.972
-26.871,-76.007
-27.109,-76.039
-26.949,-76.105
-27.219,-76.135
-27.369,-76.17
-27.825,-76.209
-27.882,-76.252
-28.037,-76.247
-28.361,-76.306
-28.888,-76.344
-29.3,-76.48
-29.527,-76.5
-29.539,-76.523
-29.648,-76.531
-29.838,-76.592
-30.048,-76.597
-30.141,-76.655
-30.334,-76.703
-30.609,-76.826
-31.158,-76.897
-31.277,-76.928
-31.405,-77.018
-31.423,-77.081
-31.267,-77.186
-31.362,-77.184
-31.816,-77.088
-32.062,-77.054
-32.638,-77.111
-32.727,-77.154
-32.966,-77.173
-33.563,-77.289
-33.896,-77.373
-34,-77.419
-34.597,-77.533
-35,-77.649
-35.096,-77.757
-35.006,-77.853
-35.417,-77.803
-35.542,-77.812
-35.563,-77.828
-35.472,-77.857
-35.064,-77.903
-35.41,-77.906
-35.546,-77.967
-35.633,-78.057
-36.625,-77.975
-37.396,-77.942
-37.758,-77.942
-38.092,-77.917
-39.064,-77.979
-39.977,-77.943
-40.36,-77.892
-41.098,-77.699
-41.214,-77.707
-41.409,-77.823
-41.837,-77.959
-41.55,-77.78
-41.509,-77.68
-41.633,-77.666
-42.354,-77.665
-42.456,-77.673
-42.463,-77.717
-42.595,-77.752
-42.556,-77.815
-42.613,-77.846
-43.153,-77.916
-43.958,-77.987
-45.12,-78.13
-45.274,-78.132
-45.939,-77.941
-46.72,-77.843
-47.036,-77.783
-47.472,-77.753
-47.66,-77.7
-47.825,-77.618
-47.896,-77.616
-47.985,-77.636
-48,-77.592
-48.378,-77.498
-50,-77.267
-50.74,-77.109
-51.709,-77
-52.319,-76.967
-52.8,-76.916
-53.346,-76.808
-53.556,-76.747
-53.776,-76.772
-53.681,-76.723
-54.103,-76.633
-54.128,-76.613
-54.185,-76.608
-54.204,-76.629
-54.324,-76.586
-55.093,-76.485
-55.51,-76.385
-55.603,-76.414
-55.674,-76.414
-55.627,-76.363
-56.281,-76.222
-56.553,-76.124
-57.069,-76.011
-57.465,-75.87
-57.714,-75.807
-59,-75.518
-59.731,-75.399
-61.178,-75.049
-61.978,-74.922
-61.899,-74.82
-61.852,-74.737
-61.642,-74.614
-61.498,-74.573
-61.163,-74.524
-60.954,-74.474
-61.098,-74.416
-60.813,-74.372
-60.686,-74.334
-60.67,-74.276
-60.857,-74.252
-61.137,-74.179
-61.068,-74.121
-60.967,-74.091
-61.019,-74.07
-60.76,-74.063
-60.785,-74
-60.872,-74
-60.857,-73.971
-60.976,-73.959
-60.835,-73.871
-60.677,-73.711
-60.736,-73.643
-60.826,-73.643
-60.671,-73.558
-60.514,-73.542
-60.299,-73.362
-60,-73.27
-59.901,-73.27
-59.852,-73.223
-59.89,-73.137
-59.86,-73.022
-59.723,-72.934
-59.725,-72.896
-59.868,-72.837
-60.023,-72.839
-60.038,-72.81
-60.028,-72.482
-60.073,-72.279
-59.926,-72.222
-60.11,-72.159
-60.176,-71.652
-60.272,-71.367
-60.449,-71.101
-60.354,-71.022
-60.572,-70.925
-60.641,-70.807
-60.658,-70.731
-60.561,-70.642
-60.6,-70.581
-60.747,-70.499
-60.748,-70.295
-60.671,-70.128
-60.495,-69.907
-60.357,-69.237
-60.086,-69.042
-60.03,-69.033
-59.89,-69.047
-59.676,-69.026
-59.399,-69.043
-59.225,-69.014
-59.091,-68.955
-59.026,-68.855
-59.05,-68.49
-58.973,-68.249
-59.051,-68.189
-59.131,-68.181
-59.908,-68.243
-59.988,-68.238
-59.931,-68.183
-60.116,-68.041
-60.112,-67.895
-60.267,-67.676
-60.285,-67.534
-60.246,-67.323
-60.306,-67.276
-60.333,-67.196
-60.239,-67.068
-60.813,-66.821
-60.955,-66.737
-60.975,-66.693
-60.884,-66.569
-60.737,-66.452
-60.69,-66.334
-60.585,-66.22
-60.318,-66
-60.166,-65.939
-60,-65.832
-59.752,-65.491
-59.545,-65.301
-59.495,-65.169
-59.628,-64.95
-59.128,-64.718
-58.2,-64
-51.9167,-64
-51.8333,-64
-52.75,-64.0833
-52.9167,-64.25
-53,-64.3333
-53.0833,-64.4167
-53.25,-64.5
-53.1667,-64.5
-53.4167,-64.5833
-53.75,-64.6667
-53.75,-64.75
-53.8333,-64.8333
-53.75,-64.8333
-53.8333,-64.9167
-54,-65
-53.9167,-65
-54.0833,-65.0833
-54,-65.0833
-53.9167,-65.0833
-54.1667,-65.1667
-54.0833,-65.1667
-54,-65.1667
-53.9167,-65.1667
-54,-65.25
-53.9167,-65.25
-53.8333,-65.25
-53.8333,-65.3333
-53.75,-65.3333
-53.6667,-65.3333
-53.6667,-65.4167
-53.5833,-65.4167
-53.5833,-65.5
-53.5,-65.5
-53.5,-65.5833
-53.4167,-65.5833
-53.4167,-65.6667
-53.3333,-65.6667
-53.3333,-65.75
-53.25,-65.75
-53.25,-65.8333
-53.25,-65.9167
-53.1667,-65.9167
-53.1667,-66
-53.0833,-66
-53,-66
-53,-66.0833
-52.9167,-66.0833
-52.9167,-66.1667
-52.8333,-66.1667
-52.8333,-66.25
-52.8333,-66.3333
-52.75,-66.3333
-52.8333,-66.4167
-52.75,-66.4167
-52.9167,-66.5
-52.8333,-66.5
-53,-66.5833
-52.9167,-66.5833
-53,-66.6667
-53.0833,-66.75
-53.1667,-66.8333
-53.25,-66.9167
-53.3333,-67
-53.4167,-67.0833
-53.5833,-67.1667
-53.6667,-67.25
-53.75,-67.3333
-53.6667,-67.3333
-53.6667,-67.4167
-53.5833,-67.4167
-53.5833,-67.5
-53.5,-67.5833
-53.3333,-67.6667
-53.25,-67.6667
-53.1667,-67.75
-53.0833,-67.75
-53,-67.8333
-52.9167,-67.8333
-52.8333,-67.8333
-52.75,-67.9167
-52.6667,-67.9167
-52.5833,-67.9167
-52.5,-68
-52.4167,-68
-52.3333,-68
-52.25,-68.0833
-52.1667,-68.0833
-52.1667,-68.1667
-52.0833,-68.1667
-52.0833,-68.25
-52.0833,-68.3333
-52.0833,-68.4167
-52.0833,-68.5
-52.1667,-68.5833
-52.0833,-68.5833
-52.1667,-68.6667
-52.25,-68.75
-52.1667,-68.75
-52.3333,-68.8333
-52.25,-68.8333
-52.5,-68.9167
-52.4167,-68.9167
-52.6667,-69
-52.5833,-69
-52.5,-69
-52.75,-69.0833
-52.6667,-69.0833
-52.75,-69.1667
-52.8333,-69.25
-52.75,-69.25
-52.8333,-69.3333
-53,-69.4167
-52.9167,-69.4167
-52.8333,-69.4167
-53.0833,-69.5
-53,-69.5
-52.9167,-69.5
-52.8333,-69.5
-53.1667,-69.5833
-53.0833,-69.5833
-53,-69.5833
-53.5,-69.6667
-53.4167,-69.6667
-53.3333,-69.6667
-53.25,-69.6667
-53.5833,-69.75
-53.5,-69.75
-53.6667,-69.8333
-53.5833,-69.8333
-53.6667,-69.9167
-53.5833,-69.9167
-53.5833,-70
-53.5,-70
-53.4167,-70
-53.3333,-70.0833
-53.25,-70.0833
-53.25,-70.1667
-53.1667,-70.1667
-53.1667,-70.25
-53.0833,-70.25
-53.0833,-70.3333
-53,-70.3333
-53,-70.4167
-52.9167,-70.4167
-52.9167,-70.5
-52.8333,-70.5
-52.8333,-70.5833
-52.75,-70.5833
-52.8333,-70.6667
-52.75,-70.6667
-52.9167,-70.75
-52.8333,-70.75
-52.9167,-70.8333
-52.8333,-70.8333
-52.9167,-70.9167
-52.8333,-70.9167
-53,-71
-52.9167,-71
-53.0833,-71.0833
-53,-71.0833
-53.0833,-71.1667
-53,-71.1667
-52.9167,-71.1667
-53.0833,-71.25
-53,-71.25
-52.9167,-71.25
-53,-71.3333
-52.9167,-71.3333
-52.75,-71.3333
-52.6667,-71.3333
-52.5833,-71.3333
-52.5,-71.3333
-52.4167,-71.3333
-52.3333,-71.3333
-52.3333,-71.4167
-52.25,-71.4167
-52.1667,-71.4167
-52.0833,-71.4167
-51.6667,-71.4167
-51.5833,-71.4167
-51.5833,-71.5
-51.5,-71.5
-51.4167,-71.5
-51.3333,-71.5
-51.4167,-71.5833
-51.3333,-71.5833
-51.25,-71.5833
-51.3333,-71.6667
-51.5,-71.75
-51.5833,-71.8333
-51.6667,-71.9167
-51.6667,-72
-51.3333,-71.9167
-51.0833,-71.8333
-51,-71.8333
-50.8333,-71.75
-50.6667,-71.6667
-50.5833,-71.6667
-50.5,-71.6667
-50.4167,-71.6667
-50.3333,-71.6667
-50.25,-71.6667
-50.1667,-71.6667
-50.0833,-71.6667
-50,-71.6667
-49.9167,-71.6667
-49.8333,-71.6667
-49.75,-71.6667
-49.6667,-71.6667
-49.5,-71.6667
-49.4167,-71.6667
-49.3333,-71.6667
-49.25,-71.6667
-49.25,-71.75
-49.1667,-71.75
-49.0833,-71.75
-49,-71.6667
-49,-71.75
-48.9167,-71.75
-48.8333,-71.75
-48.75,-71.75
-48.6667,-71.75
-48.6667,-71.8333
-48.5833,-71.9167
-48.5,-71.8333
-48.4167,-71.8333
-48.3333,-71.8333
-48.25,-71.8333
-48.1667,-71.8333
-48.0833,-71.8333
-48,-71.8333
-48,-71.9167
-47.9167,-71.9167
-47.8333,-71.9167
-47.75,-71.9167
-47.6667,-71.9167
-47.5833,-72
-47.5,-72
-47.4167,-72
-47.3333,-71.9167
-47.25,-71.9167
-47.1667,-71.9167
-47.0833,-71.9167
-47,-71.9167
-46.9167,-71.9167
-46.8333,-71.9167
-46.75,-71.9167
-46.6667,-71.9167
-46.5833,-71.9167
-46.5833,-72
-46.5,-72
-46.4167,-72
-46.3333,-72
-46.25,-72
-46.1667,-72
-46.0833,-72
-46,-72
-45.9167,-72
-45.8333,-72
-45.8333,-72.0833
-45.75,-72.0833
-45.6667,-72.0833
-45.5833,-72.0833
-45.5,-72.0833
-45.4167,-72.0833
-45.3333,-72.0833
-45.25,-72.0833
-45.25,-72.1667
-45.1667,-72.0833
-45.1667,-72.1667
-45.0833,-72.1667
-45,-72.1667
-44.9167,-72.1667
-44.8333,-72.1667
-44.8333,-72.25
-44.75,-72.25
-44.6667,-72.25
-44.5833,-72.25
-44.5,-72.3333
-44.4167,-72.3333
-44.3333,-72.3333
-44.25,-72.3333
-44.1667,-72.3333
-44.0833,-72.4167
-44,-72.4167
-43.9167,-72.4167
-43.8333,-72.4167
-43.75,-72.4167
-43.6667,-72.4167
-43.5833,-72.4167
-43.5,-72.5
-43.4167,-72.5
-43.3333,-72.5
-43.25,-72.5
-43.1667,-72.5
-43.1667,-72.5833
-43.0833,-72.5833
-43,-72.6667
-42.9167,-72.6667
-42.8333,-72.6667
-42.75,-72.6667
-42.75,-72.75
-42.6667,-72.75
-42.5833,-72.75
-42.5,-72.75
-42.4167,-72.75
-42.3333,-72.75
-42.25,-72.75
-42.1667,-72.75
-42.0833,-72.75
-42,-72.8333
-41.9167,-72.8333
-41.8333,-72.8333
-41.75,-72.8333
-41.6667,-72.8333
-41.5833,-72.8333
-41.5833,-72.9167
-41.5,-72.9167
-41.5,-73
-41.5,-73.0833
-41.25,-73.1667
-41.1667,-73.1667
-41.0833,-73.1667
-41,-73.1667
-40.9167,-73.25
-40.8333,-73.25
-40.75,-73.25
-40.6667,-73.25
-40.6667,-73.3333
-40.5833,-73.3333
-40.5833,-73.4167
-40.5,-73.4167
-40.4167,-73.4167
-40.3333,-73.4167
-40.25,-73.4167
-40.1667,-73.5
-40.0833,-73.5
-40,-73.5
-39.9167,-73.5
-39.8333,-73.5
-39.8333,-73.5833
-39.75,-73.5833
-39.6667,-73.5833
-39.5833,-73.5833
-39.5,-73.5833
-39.4167,-73.5833
-39.3333,-73.5833
-39.25,-73.5833
-39.1667,-73.5833
-39.0833,-73.6667
-39,-73.6667
-38.5833,-73.6667
-38.3333,-73.75
-38.25,-73.75
-38.1667,-73.8333
-38.0833,-73.8333
-38,-73.8333
-37.9167,-73.8333
-37.8333,-73.8333
-37.5833,-73.9167
-37.5833,-74
-37.5,-74
-36.9167,-74.0833
-36.8333,-74.0833
-36.75,-74.0833
-36.6667,-74.0833
-36.5833,-74.0833
-36.5,-74.0833
-36,-74.0833
-35.9167,-74.0833
-35.8333,-74.0833
-35.5,-74
-35.4167,-74
-35.3333,-74
-35.25,-74
-35.1667,-74
-35.0833,-74
-35,-74
-34.9167,-74
-34.8333,-74
-34.75,-74
-34.6667,-74
-34.5833,-74
-34.5,-74
-34.4167,-74
-34.3333,-74
-34.25,-74
-34.1667,-74
-34.0833,-74
-34,-74
-33.9167,-74
-33.8333,-74
-33.75,-74
-33.6667,-74
-33.0833,-74
-33,-74
-32.9167,-74
-32.8333,-74
-32.75,-74
-32.6667,-74
-32.5833,-74
-32.5,-74
-31.5,-73.9167
-31.4167,-73.9167
-31.3333,-73.9167
-31.25,-73.9167
-31.1667,-73.9167
-31.0833,-73.9167
-31,-73.9167
-30.9167,-73.9167
-30.8333,-73.9167
-30.5833,-74
-30.5,-74
-30.4167,-74
-30.3333,-74
-30.25,-74
-30,-74.0833
-29.9167,-74.0833
-29.8333,-74.0833
-29.4167,-74.1667
-29.3333,-74.1667
-29.1667,-74.25
-29.0833,-74.1667
-29,-74.1667
-28.9167,-74.0833
-28.8333,-74
-28.8333,-74.0833
-28.75,-74
-28.6667,-74
-28.5833,-73.9167
-28.5,-73.9167
-28.4167,-73.9167
-28.3333,-73.9167
-28.25,-73.9167
-28.1667,-73.8333
-28.0833,-73.8333
-28,-73.8333
-27.9167,-73.8333
-27.8333,-73.8333
-27.75,-73.75
-27.5833,-73.75
-27.5,-73.6667
-27.4167,-73.6667
-27.3333,-73.6667
-27.25,-73.6667
-27.1667,-73.6667
-27.0833,-73.5833
-27,-73.5833
-26.9167,-73.5833
-26.8333,-73.5833
-26.75,-73.5833
-26.6667,-73.5833
-26.5833,-73.5833
-26.5,-73.5833
-26.4167,-73.5833
-26.3333,-73.5833
-26.25,-73.5833
-26.1667,-73.5833
-26.0833,-73.5833
-25.8333,-73.5833
-25.75,-73.5833
-25.6667,-73.5833
-25.25,-73.6667
-25,-73.75
-24.6667,-73.5833
-24.0833,-73.4167
-23.25,-73.25
-22.75,-73.25
-22.25,-73.25
-21.75,-73.1667
-21.6667,-73.0833
-21.6667,-73.1667
-21.5,-73
-21.0833,-72.9167
-20.6667,-72.8333
-20,-72.8333
-19.9167,-72.8333
-19.5833,-72.8333
-19.5,-72.8333
-18.93,-72.74
-18.91,-72.6
-18.82,-72.56
-18.57,-72.74
-18.4167,-72.5
-18.3333,-72.4167
-17.75,-72.25
-17.5833,-72.1667
-17,-71.8333
-16.9167,-71.8333
-16.8333,-71.8333
-16.75,-71.8333
-16.5833,-71.75
-16.25,-71.5833
-15.9167,-71.5
-15.8333,-71.5
-15.75,-71.5
-15.5833,-71.4167
-15.5,-71.4167
-15.4167,-71.4167
-15.3333,-71.4167
-15.25,-71.4167
-15.1667,-71.4167
-14.75,-71.3333
-14.6667,-71.3333
-14.4167,-71.25
-14.3333,-71.25
-14.0833,-71.1667
-14,-71.0833
-13.9167,-71.0833
-13.8333,-71.0833
-13.6667,-71.0833
-13.3333,-71
-13.25,-71
-13.1667,-71
-13.0833,-70.9167
-13,-70.9167
-12.8333,-70.8333
-12.75,-70.8333
-12.5833,-70.5
-12.5833,-70.5833
-12.5,-70.5
-12.5,-70.6667
-12.0833,-70.5
-12,-70.5
-11.9167,-70.5
-11.8333,-70.4167
-11.75,-70.3333
-11.75,-70.4167
-11.6667,-70.25
-11.5,-70.1667
-11.4167,-70.1667
-11.3333,-70.1667
-11.25,-70.1667
-11.25,-70.25
-11.1667,-70.1667
-10.9167,-70.25
-10.8333,-70.25
-10.5833,-70.0833
-10.5833,-70.1667
-10.4167,-70
-10.3333,-70
-10.25,-69.9167
-10.1667,-69.9167
-10.0833,-69.9167
-9.9167,-69.8333
-9.8333,-69.8333
-9.5833,-69.9167
-9.5,-69.75
-9.5,-69.8333
-9.0833,-69.75
-9,-69.8333
-8.9167,-69.8333
-8.8333,-69.9167
-8.75,-69.9167
-8.5833,-70
-8.5,-70.0833
-8.3333,-70.0833
-8.1667,-70
-8.0833,-69.9167
-8,-69.9167
-7.9167,-69.8333
-7.8333,-69.8333
-7.75,-69.6667
-7.75,-69.75
-7.6667,-69.6667
-7.6667,-69.75
-7.5833,-69.6667
-7.5,-69.6667
-7.4167,-69.6667
-6.6667,-69.6667
-6.75,-69.5833
-6.75,-69.5
-6.6667,-69.4167
-6.6667,-69.5
-6.6667,-69.5833
-6.5833,-69.4167
-6.5,-69.4167
-6.4167,-69.3333
-6.4167,-69.4167
-6.3333,-69.3333
-6.25,-69.3333
-6.1667,-69.25
-6.1667,-69.3333
-6.0833,-69.25
-6,-69.25
-5.9167,-69.25
-5.8333,-69.25
-5.75,-69.25
-5.6667,-69.25
-5.5833,-69.25
-5.5,-69.25
-5.4167,-69.25
-5.3333,-69.3333
-5.25,-69.3333
-5.1667,-69.3333
-5.0833,-69.3333
-5,-69.3333
-5.0833,-69.4167
-5.1667,-69.5833
-5.3333,-69.6667
-5.5,-69.75
-5.4167,-69.75
-5.0833,-70
-4.8333,-69.9167
-4.75,-69.75
-4.6667,-69.75
-4.5833,-69.75
-3.4167,-69.9167
-1.5833,-69.8333
-1.3932,-69.8877
-1.0868,-69.8698
-1.0988,-69.8468
-1.3693,-69.8354
-1.3802,-69.8071
-0.9811,-69.6619
-0.652,-69.5892
-0.661,-69.5672
-0.8316,-69.5686
-0.9271,-69.5383
-0.7847,-69.4278
-0.8067,-69.3786
-0.7199,-69.2765
0.1416,-69.3764
0.3263,-69.5495
0.4167,-69.4167
0.5,-69.3333
0.5,-69.4167
0.5,-69.5
0.5833,-69.5833
0.6667,-69.5833
0.75,-69.5833
0.8333,-69.5833
1.4167,-69.5833
1.5,-69.6667
1.5833,-69.75
1.9167,-69.6667
2.5833,-69.6667
2.6667,-69.6667
2.8333,-69.5833
2.9167,-69.5833
3,-69.5833
3.0833,-69.5
3.1667,-69.5
3.3333,-69.5
3.4167,-69.5
3.4167,-69.5833
3.6667,-69.6667
3.9167,-69.5833
4,-69.5833
4.0833,-69.5833
4.1667,-69.5833
4.5,-69.75
4.5833,-69.75
4.6667,-69.6667
5.25,-69.5833
5.4167,-69.5833
5.75,-69.6667
5.8333,-69.5833
6,-69.5833
5.8333,-69.5
5.9167,-69.5
6,-69.45
5.8333,-69.4167
5.75,-69.3333
5.8333,-69.3333
5.6667,-69.25
5.75,-69.25
5.8333,-69.25
5.75,-69.1667
5.8333,-69.1667
5.9167,-69.1667
6,-69.1667
6,-69.0833
6.0833,-69.0833
6.1667,-69.0833
6.25,-69.0833
6.3333,-69.0833
6.4167,-69.0833
6.5,-69.0833
6.5,-69.1667
6.5833,-69.1667
6.6667,-69.25
6.75,-69.25
6.75,-69.3333
7.0833,-69.3333
7.1667,-69.3333
7.25,-69.3333
7.3333,-69.3333
7.1667,-69.4167
7.0833,-69.5
7,-69.5833
7.0833,-69.5833
7.1667,-69.5833
7.1667,-69.6667
7.25,-69.6667
7.3333,-69.6667
7.4167,-69.6667
7.5,-69.6667
7.5833,-69.6667
7.6667,-69.6667
7.75,-69.6667
7.75,-69.75
7.8333,-69.75
7.9167,-69.75
8,-69.75
8.0833,-69.75
8.1667,-69.6667
8.25,-69.5833
8.25,-69.6667
8.3333,-69.5833
8.4167,-69.5833
8.5,-69.5833
8.5833,-69.6667
8.6667,-69.5833
8.6667,-69.6667
8.75,-69.5
8.75,-69.5833
8.8333,-69.4167
8.9167,-69.5
9,-69.5833
9.0833,-69.5833
9.0833,-69.6667
9.1667,-69.6667
9.25,-69.6667
9.3333,-69.6667
9.4167,-69.6667
9.5,-69.6667
9.5833,-69.6667
9.6667,-69.6667
9.75,-69.5833
9.8333,-69.5833
10,-69.5
10.0833,-69.4167
10.1667,-69.4167
10.4167,-69.3333
10.3333,-69.3333
10.5,-69.25
10.4167,-69.25
10.3333,-69.25
10.8333,-69.1667
10.75,-69.1667
10.6667,-69.1667
10.5833,-69.1667
10.8333,-69.0833
10.9167,-68.8333
10.75,-68.8333
11.4167,-68.6667
11.3333,-68.6667
11.25,-68.6667
11.1667,-68.6667
11.0833,-68.6667
11.3333,-68.5
11.3333,-68.4167
11.25,-68.3333
11.25,-68.25
11.3333,-68.1667
11.3333,-68.0833
11.25,-68
11.1667,-68
11.0833,-67.9167
11,-67.9167
10.9167,-67.9167
10.9167,-67.8333
10.9167,-67.75
10.8333,-67.75
10.75,-67.75
10.6667,-67.75
10.75,-67.6667
10.6667,-67.6667
10.75,-67.5833
10.6667,-67.5833
10.5,-67.5833
10.4167,-67.5833
10.4167,-67.5
10.5,-67.5
10.5,-67.4167
10.5833,-67.4167
10.6667,-67.3333
10.75,-67.3333
10.8333,-67.3333
10.9167,-67.3333
11,-67.3333
11.0833,-67.3333
11.1667,-67.3333
11.25,-67.3333
11.3333,-67.3333
11.4167,-67.4167
11.4167,-67.3333
11.5,-67.4167
11.5,-67.5
11.5,-67.5833
11.5833,-67.6667
11.6667,-67.6667
12,-67.9167
12,-68
12,-68.0833
12.0833,-67.8333
12.0833,-67.9167
12.0833,-68
12.0833,-68.1667
12.1667,-67.9167
12.1667,-68
12.1667,-68.1667
12.1667,-68.25
12.25,-68.3333
12.3333,-68.5
12.4167,-68.5833
12.5,-68.6667
12.5,-68.8333
12.5833,-68.75
12.6667,-68.9167
12.75,-68.9167
13.1667,-68.9167
13.25,-68.9167
13.3333,-68.9167
13.4167,-68.9167
13.5,-68.9167
13.5833,-68.9167
13.6667,-68.9167
13.75,-69
13.8333,-69
13.9167,-69.0833
14,-69.0833
14.0833,-69.0833
14.1667,-69.0833
14.4167,-69.0833
14.5,-69.0833
14.5833,-69.0833
14.6667,-69.0833
14.75,-69.0833
14.8333,-69.0833
15.1667,-69.1667
15.3333,-69.1667
15.4167,-69.1667
15.5,-69.1667
15.5833,-69.1667
15.6667,-69.1667
15.75,-69.1667
15.8333,-69.1667
16.3333,-69.0833
16.4167,-69.0833
16.5,-69.0833
16.75,-69.0833
17.0833,-69.1667
17.25,-69.1667
17.3333,-69.1667
17.4167,-69.1667
18.5833,-69.5833
18.5833,-69.6667
18.5833,-69.75
18.8333,-69.9167
18.9167,-69.9167
19,-69.9167
19.3333,-69.8333
19.5833,-69.8333
19.6667,-69.8333
19.75,-69.8333
19.9167,-69.8333
20.3333,-69.9167
20.4167,-69.9167
20.5,-69.9167
20.5833,-69.9167
20.75,-69.9167
21.1667,-69.9167
21.25,-69.9167
21.3333,-69.9167
21.4167,-69.9167
21.5,-69.9167
21.5833,-69.9167
21.5833,-70
21.6667,-70
21.75,-70
22,-70
22.4167,-69.9167
22.5,-69.9167
23,-69.9167
23.0833,-69.9167
23.1667,-69.9167
24.0833,-69.9167
24.1667,-69.9167
26.25,-69.75
26.8333,-69.75
26.9167,-69.75
27,-69.75
27.25,-69.75
27.3333,-69.75
27.5833,-69.3333
27.6667,-69.5833
27.5833,-69.4167
27.8333,-69.1667
28.4167,-69.0833
28.5,-69.0833
29.1667,-69
29.25,-69
29.5833,-68.9167
29.75,-68.8333
29.8333,-68.8333
30,-68.8333
30.25,-68.8333
30.3333,-68.75
30.4167,-68.6667
30.5833,-68.5833
30.6667,-68.5
30.75,-68.4167
30.75,-68.5
30.9167,-68.3333
